{"bdn0": {"name": "Tur\u00f3 d'en Caritg (71 m)", "altitude": 71, "utm_x": 435480.44227149634, "utm_y": 4588559.302692069}, "bdn1": {"name": "Tur\u00f3 del Coll de Fra Rafel (406 m)", "altitude": 404, "utm_x": 436855.0463005949, "utm_y": 4593475.710206556}, "bdn2": {"name": "Tur\u00f3 de la Nadala (358 m)", "altitude": 357, "utm_x": 436271.26659303956, "utm_y": 4593354.267331532}, "bdn3": {"name": "Tur\u00f3 de Can Butiny\u00e0 (130 m)", "altitude": 130, "utm_x": 434802.1132395922, "utm_y": 4590412.903605358}, "bdn4": {"name": "Puig Melit\u00f3 o tur\u00f3 d'en Peixau (61 m)", "altitude": 60, "utm_x": 436112.58975473756, "utm_y": 4589287.5849575}, "bdn5": {"name": "Tur\u00f3 de Montigal\u00e0 (152 m)", "altitude": 150, "utm_x": 435796.3525760144, "utm_y": 4590642.712464785}, "bdn6": {"name": "Tur\u00f3 d'en Sariol o d'en Matas (170 m)", "altitude": 170, "utm_x": 438164.7568242431, "utm_y": 4591315.979435236}, "bdn7": {"name": "Puigfred (80 m)", "altitude": 81, "utm_x": 435096.51500975667, "utm_y": 4588878.059493634}, "bdn8": {"name": "Tur\u00f3 de l'Enric (90 m)", "altitude": 90, "utm_x": 436909.1946928833, "utm_y": 4590690.644314917}, "bdn9": {"name": "el Cavall Bernat (388 m)", "altitude": 385, "utm_x": 434824.4112973091, "utm_y": 4593346.089103686}, "bdn10": {"name": "Tur\u00f3 de Sant Climent (263 m)", "altitude": 263, "utm_x": 434351.3617566625, "utm_y": 4591267.466695939}, "bdn11": {"name": "Tur\u00f3 de Miravitges (165 m)", "altitude": 164, "utm_x": 436646.8410601757, "utm_y": 4591819.877593454}, "bdn12": {"name": "Tur\u00f3 d'en Joan de les Dents (122 m)", "altitude": 120, "utm_x": 438487.33481282054, "utm_y": 4590755.866130665}, "bdn13": {"name": "la Coscollada de n'Amig\u00f3 (466 m)", "altitude": 463, "utm_x": 435715.12140522804, "utm_y": 4593713.380824698}, "bdn14": {"name": "Tur\u00f3 d'en Rafel (294 m)", "altitude": 293, "utm_x": 435855.6554414179, "utm_y": 4592806.134490736}, "bdn15": {"name": "Tur\u00f3 d'en Ros\u00e9s (60 m)", "altitude": 60, "utm_x": 436788.36944781087, "utm_y": 4589957.80440593}, "bdn16": {"name": "Tur\u00f3 del Pi Candeler (462 m)", "altitude": 463, "utm_x": 435282.67946035793, "utm_y": 4593711.693514629}, "bdn17": {"name": "Tur\u00f3 de les Guixeres (71 m)", "altitude": 69, "utm_x": 437960.41416497726, "utm_y": 4590275.179853365}, "bdn18": {"name": "Tur\u00f3 de Sant Onofre o de Poi\u00e0 (266 m)", "altitude": 265, "utm_x": 434634.3178100211, "utm_y": 4591621.303945726}, "bdn19": {"name": "Tur\u00f3 d'en Seriol (290 m)", "altitude": 289, "utm_x": 436292.69501275924, "utm_y": 4592944.381983451}, "bdn20": {"name": "Tur\u00f3 de l'Espiral (128 m)", "altitude": 128, "utm_x": 435006.5145188585, "utm_y": 4590574.274447033}, "bdn21": {"name": "Tur\u00f3 de Fra Rafel (413 m)", "altitude": 413, "utm_x": 437050.25424819585, "utm_y": 4593459.571618431}, "bdn22": {"name": "Tur\u00f3 de l'Orella (102 m)", "altitude": 102, "utm_x": 438613.09114520554, "utm_y": 4590714.826617368}, "bdn23": {"name": "Tur\u00f3 de l'Home (362 m)", "altitude": 359, "utm_x": 437252.70668925985, "utm_y": 4592836.049513959}, "bdn24": {"name": "Serra de Can Mas (193 m)", "altitude": 193, "utm_x": 435123.38506366167, "utm_y": 4591591.358087631}, "bdn25": {"name": "Tur\u00f3 d'en Folch (189 m)", "altitude": 188, "utm_x": 436507.99901007273, "utm_y": 4591223.763805917}, "bdn26": {"name": "Tur\u00f3 d'en Bosc\u00e0 (198 m)", "altitude": 197, "utm_x": 436657.70350510115, "utm_y": 4591344.5807908485}, "bdn27": {"name": "Puig d'en Grau (130 m)", "altitude": 129, "utm_x": 434715.65562388796, "utm_y": 4589995.10580017}, "bdn28": {"name": "Tur\u00f3 de Can Devesa (242 m)", "altitude": 241, "utm_x": 434700.55278191715, "utm_y": 4592112.563573808}, "bdn29": {"name": "Tur\u00f3 d'en Roda-soques (260 m)", "altitude": 259, "utm_x": 435105.4422908712, "utm_y": 4592196.626945309}, "bdn30": {"name": "Tur\u00f3 de Nadal Oliver (324 m)", "altitude": 349, "utm_x": 435698.49941059283, "utm_y": 4592971.85513077}, "bdn31": {"name": "Coll de Lli\u00e7\u00e0 (432 m)", "altitude": 432, "utm_x": 435426.71115672146, "utm_y": 4593668.212545455}, "bdn32": {"name": "Coll de la Jeia d'en Pujol (390 m)", "altitude": 390, "utm_x": 436425.18037043203, "utm_y": 4593578.298740425}, "bdn33": {"name": "Coll de Fra Rafel (377 m)", "altitude": 377, "utm_x": 436721.00030406925, "utm_y": 4593516.854305908}, "bdn34": {"name": "Coll de la Malesa (337 m)", "altitude": 338, "utm_x": 435536.7581698109, "utm_y": 4593184.252508465}, "bdn35": {"name": "Coll de Montigal\u00e0 (120 m)", "altitude": 121, "utm_x": 435582.2683785676, "utm_y": 4590985.475723974}, "bdn36": {"name": "Collet de la Vallen\u00e7ana (242 m)", "altitude": 242, "utm_x": 435171.73131785676, "utm_y": 4592325.935489519}, "bdn37": {"name": "Coll de Sant Onofre (239 m)", "altitude": 240, "utm_x": 434576.1506316141, "utm_y": 4591745.07281764}, "bdn38": {"name": "Coll de Vallmajor (59 m)", "altitude": 59, "utm_x": 437855.5176830459, "utm_y": 4590411.535116044}, "bdn39": {"name": "Coll de les Ermites (238 m)", "altitude": 238, "utm_x": 434114.9657873064, "utm_y": 4591351.780395365}}